ID,Title,Description,Root Cause,Proposed Solution,Effective Solution,Changelog/Edits Made,Timestamp of First Reported,Timestamp of Fix Acknowledged by User
1,Modal doesn't open,When user runs /secret command the modal fails to open with no error shown,Missing app.view handler registration in index.ts for the modal callback_id,Register app.view('secret_modal') handler in index.ts,Added app.view('secret_modal') handler in index.ts that calls handleModalSubmit,src/index.ts: Added app.view('secret_modal') handler,28 July 2026 14:30:00PM IST,28 July 2026 14:45:00PM IST
2,handleModalSubmit not defined,Runtime error handleModalSubmit is not defined when modal is submitted,Missing import statement for handleModalSubmit in index.ts,Import handleModalSubmit from bot/modals in index.ts,Added import statement for handleModalSubmit in src/index.ts,src/index.ts: Added import for handleModalSubmit,28 July 2026 14:46:00PM IST,28 July 2026 14:50:00PM IST
3,Cannot read properties of undefined reading id,Runtime error when accessing body.channel.id during modal submission,Body object structure different than expected - channel field not present in modal submission,Use optional chaining and fallback to container.channel_id,Updated modals.ts to use (body as any).channel?.id with fallback to container.channel_id,src/bot/modals.ts: Fixed channel ID extraction with optional chaining and fallback,28 July 2026 15:10:00PM IST,28 July 2026 15:15:00PM IST
4,Button value has literal placeholder,Button value shows {{secret_id}} instead of actual UUID in Slack,buildPlaceholderBlocks not receiving actual secretId from modal submission,Pass secret.id to buildPlaceholderBlocks function,Updated modals.ts to pass secret.id to buildPlaceholderBlocks and updated view-builder.ts function signature,src/bot/modals.ts: Pass actual secretId to buildPlaceholderBlocks src/slack/view-builder.ts: Updated function signature,28 July 2026 16:00:00PM IST,28 July 2026 16:05:00PM IST
5,Missing text argument in chat.postMessage,Slack API warning about missing text argument in message post,chat.postMessage called without text parameter,Add text argument alongside blocks,Updated modals.ts to include text: Secret shared by ${senderName},src/bot/modals.ts: Added text argument to chat.postMessage,28 July 2026 16:10:00PM IST,28 July 2026 16:15:00PM IST
6,Receiver cannot view message,When recipient clicks View Secret no text is delivered to their DM,Recipient view flow not properly decrypting the secret - ciphertext stored but plaintext never extracted,Implement proper decryption flow using decryptSecret with envelope and master key,Updated actions.ts handleRecipientView to use decryptSecret with proper envelope construction including encryptedDataKey from DB,src/bot/actions.ts: Fixed recipient view to use proper decryption src/db/secrets.ts: Added encryptedDataKey parameter,28 July 2026 17:00:00PM IST,28 July 2026 17:30:00PM IST
7,Receiver sees Viewed By button,Recipient can see and click Viewed By button but nothing happens,No mechanism to hide buttons per user - Slack Block Kit renders same buttons to all viewers,Post separate messages to sender and recipient - recipient DM gets only View Secret button,Added buildRecipientPlaceholderBlocks function that only includes View Secret button Updated modals.ts to post simplified DM to recipient,src/slack/view-builder.ts: Added buildRecipientPlaceholderBlocks src/bot/modals.ts: Post separate DM to recipient with limited buttons,28 July 2026 17:00:00PM IST,28 July 2026 17:30:00PM IST
8,Cancel button not working for receiver,Receiver clicks Revoke but nothing happens - should be sender-only,Auth check exists in handler but button shouldn't be visible to receiver anyway,Since recipient gets separate DM with only View Secret button this issue is resolved by fix #7,Resolved by implementing separate recipient DM message,See fix #7 - recipient DM only has View Secret button,28 July 2026 17:00:00PM IST,28 July 2026 17:30:00PM IST
9,No message in origin channel,When /secret is run in a channel no message appears in that channel,Placeholder was being posted to recipient DM instead of origin channel,Post placeholder to originChannelId where command was run,Updated modals.ts to post placeholder to origin channel and separate DM to recipient,src/bot/modals.ts: Post placeholder to originChannelId not recipient DM,28 July 2026 17:00:00PM IST,28 July 2026 17:30:00PM IST
10,Sender not getting revoke button,Sender cannot see or click the Revoke button in the message,Same root cause as #7 - buttons rendered to everyone but sender expects different behavior,Sender sees message in origin channel with all 3 buttons - this is working as designed,Confirmed sender sees all buttons in origin channel - no code change needed,28 July 2026 17:00:00PM IST,28 July 2026 17:35:00PM IST
11,Message obfuscated to receiver,Receiver sees garbled text instead of secret when clicking View Secret,Ciphertext stored in DB as base64 but recipient view tries to convert raw bytes to UTF-8 string instead of decrypting,Use decryptSecret function with proper envelope instead of direct UTF-8 conversion,Updated actions.ts to construct proper envelope and call decryptSecret before sending plaintext to recipient,src/bot/actions.ts: Use decryptSecret with envelope instead of Buffer.toString utf-8,28 July 2026 18:00:00PM IST,28 July 2026 18:30:00PM IST
12,No message seen in channel where initiated,When /secret @user is run in a channel the placeholder doesn't appear there,Origin channel ID extraction failing - falling back to unknown and posting to DM,Fixed channel ID extraction to properly get channel from body or open DM as fallback,Updated modals.ts with better channel ID extraction and fallback logic,src/bot/modals.ts: Improved originChannelId extraction with DM fallback,28 July 2026 18:00:00PM IST,28 July 2026 18:30:00PM IST
13,Column encrypted_data_key does not exist,Database error when trying to create secret - column missing from secrets table,Migration 002_add_encrypted_data_key.sql not applied successfully during earlier session,Manually ran ALTER TABLE to add column then verified it exists,Created migration file and ran manually via psql command,src/db/migrations/002_add_encrypted_data_key.sql: Created file src/db/secrets.ts: Added column to schema,28 July 2026 19:00:00PM IST,28 July 2026 19:05:00PM IST
14,Wrong secret key for ciphertext,Crypto error when decrypting - wrong secret key for given ciphertext,encryptDataKey generates random nonce but decryptDataKey uses zero nonce - they don't match,Fixed decryptDataKey to extract nonce from beginning of encrypted data instead of using zero nonce,src/crypto/master.ts: Fixed decryptDataKey to extract nonce from encrypted data,28 July 2026 19:30:00PM IST,28 July 2026 19:35:00PM IST
15,nonce.copy is not a function,Runtime error when trying to copy nonce during encryption,libsodium returns Uint8Array not Buffer - Uint8Array has no copy method,Wrapped sodium output with Buffer.from to convert to Buffer before using copy,src/crypto/master.ts: Wrapped nonce and encrypted output with Buffer.from,28 July 2026 19:45:00PM IST,28 July 2026 19:50:00PM IST
16,trigger_id not defined for view opening,Error opening modal for sender self-view - trigger_id required but not available,SocketModeReceiverOptions doesn't accept signingSecret and trigger_id not passed from Bolt action args,Moved signingSecret to App constructor Instead of opening modal for sender use ephemeral message,src/index.ts: Moved signingSecret to App constructor src/bot/actions.ts: Changed sender self-view to use ephemeral message,28 July 2026 20:00:00PM IST,28 July 2026 20:15:00PM IST
17,Ephemeral messages don't self-destruct,Sender ephemeral messages stay in DM history indefinitely creating security risk,Ephemeral messages in Slack don't auto-delete - they persist in conversation history,Schedule BullMQ job to delete ephemeral message after 5 minutes using chat.delete,Added delete job scheduling after sending ephemeral message in handleSenderSelfView,src/bot/actions.ts: Schedule delete job for ephemeral message after sending,28 July 2026 21:00:00PM IST,28 July 2026 21:05:00PM IST
18,Hide Secret button not appearing,After recipient views secret the placeholder stays as View Secret instead of showing Hide Secret,chat.update call failing silently - message ts or channel id not available in action body,Added debug logging to identify missing fields and improved message ts extraction,src/bot/actions.ts: Added detailed logging for placeholder update conditions,28 July 2026 22:00:00PM IST,28 July 2026 22:30:00PM IST
19,Cancel doesn't delete placeholder message,When sender revokes the secret the placeholder message with buttons still stays in channel,chat.delete for placeholder not working - likely message ts not available in action body,Improved cancel action with better message ts extraction and logging,src/bot/actions.ts: Enhanced cancel action with fallback message ts extraction,28 July 2026 23:00:00PM IST,28 July 2026 23:15:00PM IST
20,Permanent announcement missing in channel,User wants permanent message in channel showing who sent secret to whom that doesn't get deleted,Only interactive placeholder was posted - no permanent announcement message,Added separate permanent announcement message that stays in channel after interactive placeholder is deleted,src/bot/modals.ts: Post permanent announcement alongside interactive placeholder src/slack/view-builder.ts: Added buildPermanentAnnouncementBlocks,28 July 2026 23:30:00PM IST,28 July 2026 23:45:00PM IST
21,Dynamic configuration without restart,User wants to modify timing configs without restarting the bot,No dynamic config system - all timings hardcoded in constants or .env,Implemented config file with hot-reload polling every 60 seconds,src/config/timing.ts: Created dynamic config loader with polling src/bot/modals.ts: Use config for expiry src/bot/actions.ts: Use config for delete delay,28 July 2026 23:50:00PM IST,28 July 2026 23:55:00PM IST
22,Hide Secret button should delete instantly,User wants Hide Secret to delete message immediately skipping the 5-minute timer,Hide Secret action not implemented - only placeholder update was done,Implemented handleHideAction that deletes DM message and placeholder instantly,src/bot/actions.ts: Added handleHideAction src/index.ts: Registered secret:hide action src/slack/view-builder.ts: Added buildAfterViewPlaceholderBlocks with Hide Secret button,28 July 2026 23:55:00PM IST,28 July 2026 23:58:00PM IST
